Papier;Bioabfall;Restm√ºll;Gelber Sack
03.01.2019;05.01.2019;11.01.2019;14.01.2019
30.01.2019;18.01.2019;25.01.2019;28.01.2019
27.02.2019;01.02.2019;08.02.2019;11.02.2019
27.03.2019;15.02.2019;22.02.2019;25.02.2019
24.04.2019;01.03.2019;08.03.2019;11.03.2019
22.05.2019;15.03.2019;22.03.2019;25.03.2019
18.06.2019;29.03.2019;05.04.2019;08.04.2019
17.07.2019;12.04.2019;18.04.2019;23.04.2019
13.08.2019;27.04.2019;04.05.2019;06.05.2019
11.09.2019;10.05.2019;17.05.2019;20.05.2019
09.10.2019;24.05.2019;01.06.2019;03.06.2019
06.11.2019;07.06.2019;15.06.2019;17.06.2019
04.12.2019;22.06.2019;28.06.2019;01.07.2019
;05.07.2019;12.07.2019;15.07.2019
;19.07.2019;26.07.2019;29.07.2019
;02.08.2019;09.08.2019;12.08.2019
;17.08.2019;23.08.2019;26.08.2019
;30.08.2019;06.09.2019;09.09.2019
;13.09.2019;20.09.2019;23.09.2019
;27.09.2019;05.10.2019;07.10.2019
;11.10.2019;18.10.2019;21.10.2019
;25.10.2019;02.11.2019;04.11.2019
;08.11.2019;15.11.2019;18.11.2019
;22.11.2019;29.11.2019;02.12.2019
;06.12.2019;13.12.2019;16.12.2019
;20.12.2019;28.12.2019;30.12.2019